"","SampleID","Sample","Experiment","SampleType","PcrReplicate","SampleControl","SampleTarget","BarcodeSequence","LinkerPrimerSequence","ReverseBarcode","ReversePrimerSequence","PrimerCombo","GelNum","PcrNum","Qubit","DnaExtDate","PcrDate","Description"
"1","FPE1.EG.04.1","FPE1.EG.04","Experiment1","EmptyGut",1,"Sample","Microbiome","GCTCGCGCCTTAAAC","TATGGTAATTGTGTGYCAGCMGCCGCGGTAA","GATAAGAACTCATGA","AGTCAGCCAGCCGGACTACNVGGGTWTCTAAT","16S.105",1,1,2.12,"no.data","8/29/19","FPE1.EG.04.1"
"2","FPE1.EG.04.2","FPE1.EG.04","Experiment1","EmptyGut",2,"Sample","Microbiome","GCTCGCGCCTTAAAC","TATGGTAATTGTGTGYCAGCMGCCGCGGTAA","GATTGATATCGTCTT","AGTCAGCCAGCCGGACTACNVGGGTWTCTAAT","16S.106",2,1,0.25,"no.data","8/29/19","FPE1.EG.04.2"
"3","FPE1.EG.04.3","FPE1.EG.04","Experiment1","EmptyGut",3,"Sample","Microbiome","GCTCGCGCCTTAAAC","TATGGTAATTGTGTGYCAGCMGCCGCGGTAA","GATCGGTGACCTACT","AGTCAGCCAGCCGGACTACNVGGGTWTCTAAT","16S.107",3,1,2.08,"no.data","8/29/19","FPE1.EG.04.3"
"4","FPE1.EG.06.1","FPE1.EG.06","Experiment1","EmptyGut",1,"Sample","Microbiome","GCTCGCGCCTTAAAC","TATGGTAATTGTGTGYCAGCMGCCGCGGTAA","GATAATGCGCGTATA","AGTCAGCCAGCCGGACTACNVGGGTWTCTAAT","16S.108",4,1,0.75,"no.data","8/29/19","FPE1.EG.06.1"
"5","FPE1.EG.06.2","FPE1.EG.06","Experiment1","EmptyGut",2,"Sample","Microbiome","GCTCGCGCCTTAAAC","TATGGTAATTGTGTGYCAGCMGCCGCGGTAA","GATCTTGATTCTTGA","AGTCAGCCAGCCGGACTACNVGGGTWTCTAAT","16S.109",5,1,1,"no.data","8/29/19","FPE1.EG.06.2"
"6","FPE1.EG.06.3","FPE1.EG.06","Experiment1","EmptyGut",3,"Sample","Microbiome","GCTCGCGCCTTAAAC","TATGGTAATTGTGTGYCAGCMGCCGCGGTAA","GATGAAATCTTGAAG","AGTCAGCCAGCCGGACTACNVGGGTWTCTAAT","16S.110",6,1,0.74,"no.data","8/29/19","FPE1.EG.06.3"
"7","FPE1.FG.01.1","FPE1.FG.01","Experiment1","FullGut",1,"Sample","Microbiome","GCTCGCGCCTTAAAC","TATGGTAATTGTGTGYCAGCMGCCGCGGTAA","GATGAGATACAGTTC","AGTCAGCCAGCCGGACTACNVGGGTWTCTAAT","16S.111",7,1,0.53,"no.data","8/29/19","FPE1.FG.01.1"
"8","FPE1.FG.01.2","FPE1.FG.01","Experiment1","FullGut",2,"Sample","Microbiome","GCTCGCGCCTTAAAC","TATGGTAATTGTGTGYCAGCMGCCGCGGTAA","GATGTGGAGTCTCAT","AGTCAGCCAGCCGGACTACNVGGGTWTCTAAT","16S.112",8,1,1,"no.data","8/29/19","FPE1.FG.01.2"
"9","FPE1.FG.01.3","FPE1.FG.01","Experiment1","FullGut",3,"Sample","Microbiome","GCTCGCGCCTTAAAC","TATGGTAATTGTGTGYCAGCMGCCGCGGTAA","GATACCTTACACCTT","AGTCAGCCAGCCGGACTACNVGGGTWTCTAAT","16S.113",9,1,3.5,"no.data","8/29/19","FPE1.FG.01.3"
"10","FPE1.FG.05.1","FPE1.FG.05","Experiment1","FullGut",1,"Sample","Microbiome","GCTCGCGCCTTAAAC","TATGGTAATTGTGTGYCAGCMGCCGCGGTAA","GATTAATCTCGCCGG","AGTCAGCCAGCCGGACTACNVGGGTWTCTAAT","16S.114",10,1,1.51,"no.data","8/29/19","FPE1.FG.05.1"
"11","FPE1.FG.05.2","FPE1.FG.05","Experiment1","FullGut",2,"Sample","Microbiome","GCTCGCGCCTTAAAC","TATGGTAATTGTGTGYCAGCMGCCGCGGTAA","GATATCTAGTGGCAA","AGTCAGCCAGCCGGACTACNVGGGTWTCTAAT","16S.115",11,1,1.53,"no.data","8/29/19","FPE1.FG.05.2"
"12","FPE1.FG.05.3","FPE1.FG.05","Experiment1","FullGut",3,"Sample","Microbiome","GCTCGCGCCTTAAAC","TATGGTAATTGTGTGYCAGCMGCCGCGGTAA","GATACGCTTAACGAC","AGTCAGCCAGCCGGACTACNVGGGTWTCTAAT","16S.116",12,1,1.68,"no.data","8/29/19","FPE1.FG.05.3"
"13","FPE1.FP.24HR.1","FPE1.FP.24HR","Experiment1","FecalPellets24",1,"Sample","Microbiome","GCTCGCGCCTTAAAC","TATGGTAATTGTGTGYCAGCMGCCGCGGTAA","GATTACGGATTATGG","AGTCAGCCAGCCGGACTACNVGGGTWTCTAAT","16S.117",13,1,3.72,"no.data","8/29/19","FPE1.FP.24HR.1"
"14","FPE1.FP.24HR.2","FPE1.FP.24HR","Experiment1","FecalPellets24",2,"Sample","Microbiome","GCTCGCGCCTTAAAC","TATGGTAATTGTGTGYCAGCMGCCGCGGTAA","GATATACATGCAAGA","AGTCAGCCAGCCGGACTACNVGGGTWTCTAAT","16S.118",14,1,5.82,"no.data","8/29/19","FPE1.FP.24HR.2"
"15","FPE1.FP.24HR.3","FPE1.FP.24HR","Experiment1","FecalPellets24",3,"Sample","Microbiome","GCTCGCGCCTTAAAC","TATGGTAATTGTGTGYCAGCMGCCGCGGTAA","GATCTTAGTGCAGAA","AGTCAGCCAGCCGGACTACNVGGGTWTCTAAT","16S.119",15,1,3.4,"no.data","8/29/19","FPE1.FP.24HR.3"
"16","FPE1.FP.2HR.1","FPE1.FP.2HR","Experiment1","FecalPellets2",1,"Sample","Microbiome","GCTCGCGCCTTAAAC","TATGGTAATTGTGTGYCAGCMGCCGCGGTAA","GATAATCTTGCGCCG","AGTCAGCCAGCCGGACTACNVGGGTWTCTAAT","16S.120",16,1,4.66,"no.data","8/29/19","FPE1.FP.2HR.1"
"17","FPE1.FP.2HR.2","FPE1.FP.2HR","Experiment1","FecalPellets2",2,"Sample","Microbiome","GCTCGCGCCTTAAAC","TATGGTAATTGTGTGYCAGCMGCCGCGGTAA","GATAGGATCAGGGAA","AGTCAGCCAGCCGGACTACNVGGGTWTCTAAT","16S.121",17,1,6.16,"no.data","8/29/19","FPE1.FP.2HR.2"
"18","FPE1.FP.2HR.3","FPE1.FP.2HR","Experiment1","FecalPellets2",3,"Sample","Microbiome","GCTCGCGCCTTAAAC","TATGGTAATTGTGTGYCAGCMGCCGCGGTAA","GATAATAACTAGGGT","AGTCAGCCAGCCGGACTACNVGGGTWTCTAAT","16S.122",18,1,2.88,"no.data","8/29/19","FPE1.FP.2HR.3"
"19","FPE1.H2O.01.1","FPE1.H2O.01","Experiment1","Water",1,"Sample","Microbiome","GCTCGCGCCTTAAAC","TATGGTAATTGTGTGYCAGCMGCCGCGGTAA","GATTATTGCAGCAGC","AGTCAGCCAGCCGGACTACNVGGGTWTCTAAT","16S.123",19,1,8.24,"no.data","8/29/19","FPE1.H2O.01.1"
"20","FPE1.H2O.01.2","FPE1.H2O.01","Experiment1","Water",2,"Sample","Microbiome","GCTCGCGCCTTAAAC","TATGGTAATTGTGTGYCAGCMGCCGCGGTAA","GATTGATGTGCTAAG","AGTCAGCCAGCCGGACTACNVGGGTWTCTAAT","16S.124",20,1,5.28,"no.data","8/29/19","FPE1.H2O.01.2"
"21","FPE1.H2O.01.3","FPE1.H2O.01","Experiment1","Water",3,"Sample","Microbiome","GCTCGCGCCTTAAAC","TATGGTAATTGTGTGYCAGCMGCCGCGGTAA","GATGTAGTAGACCAT","AGTCAGCCAGCCGGACTACNVGGGTWTCTAAT","16S.125",21,1,8.96,"no.data","8/29/19","FPE1.H2O.01.3"
"22","FPE1.H2O.03.1","FPE1.H2O.03","Experiment1","Water",1,"Sample","Microbiome","GCTTATGGTACCCAG","TATGGTAATTGTGTGYCAGCMGCCGCGGTAA","GATCGGGACACCCGA","AGTCAGCCAGCCGGACTACNVGGGTWTCTAAT","16S.126",22,1,7.26,"no.data","8/29/19","FPE1.H2O.03.1"
"23","FPE1.H2O.03.2","FPE1.H2O.03","Experiment1","Water",2,"Sample","Microbiome","GCTTATGGTACCCAG","TATGGTAATTGTGTGYCAGCMGCCGCGGTAA","GATCTGTCTATACTA","AGTCAGCCAGCCGGACTACNVGGGTWTCTAAT","16S.127",23,1,6.6,"no.data","8/29/19","FPE1.H2O.03.2"
"24","FPE1.H2O.03.3","FPE1.H2O.03","Experiment1","Water",3,"Sample","Microbiome","GCTTATGGTACCCAG","TATGGTAATTGTGTGYCAGCMGCCGCGGTAA","GATTATGCCAGAGAT","AGTCAGCCAGCCGGACTACNVGGGTWTCTAAT","16S.128",24,1,6.56,"no.data","8/29/19","FPE1.H2O.03.3"
"25","FPE2.EG.201.1","FPE2.EG.201","Experiment2","EmptyGut",1,"Sample","Microbiome","GCTTATGGTACCCAG","TATGGTAATTGTGTGYCAGCMGCCGCGGTAA","GATCGTTTGGAATGA","AGTCAGCCAGCCGGACTACNVGGGTWTCTAAT","16S.129",25,1,4.34,"no.data","8/29/19","FPE2.EG.201.1"
"26","FPE2.EG.201.2","FPE2.EG.201","Experiment2","EmptyGut",2,"Sample","Microbiome","GCTTATGGTACCCAG","TATGGTAATTGTGTGYCAGCMGCCGCGGTAA","GATAAGAACTCATGA","AGTCAGCCAGCCGGACTACNVGGGTWTCTAAT","16S.130",26,1,4.38,"no.data","8/29/19","FPE2.EG.201.2"
"27","FPE2.EG.201.3","FPE2.EG.201","Experiment2","EmptyGut",3,"Sample","Microbiome","GCTTATGGTACCCAG","TATGGTAATTGTGTGYCAGCMGCCGCGGTAA","GATTGATATCGTCTT","AGTCAGCCAGCCGGACTACNVGGGTWTCTAAT","16S.131",27,1,4.72,"no.data","8/29/19","FPE2.EG.201.3"
"28","FPE2.EG.202.1","FPE2.EG.202","Experiment2","EmptyGut",1,"Sample","Microbiome","GCTTATGGTACCCAG","TATGGTAATTGTGTGYCAGCMGCCGCGGTAA","GATCGGTGACCTACT","AGTCAGCCAGCCGGACTACNVGGGTWTCTAAT","16S.132",28,1,1.91,"no.data","8/29/19","FPE2.EG.202.1"
"29","FPE2.EG.202.2","FPE2.EG.202","Experiment2","EmptyGut",2,"Sample","Microbiome","GCTTATGGTACCCAG","TATGGTAATTGTGTGYCAGCMGCCGCGGTAA","GATAATGCGCGTATA","AGTCAGCCAGCCGGACTACNVGGGTWTCTAAT","16S.133",29,1,3.44,"no.data","8/29/19","FPE2.EG.202.2"
"30","FPE2.EG.202.3","FPE2.EG.202","Experiment2","EmptyGut",3,"Sample","Microbiome","GCTTATGGTACCCAG","TATGGTAATTGTGTGYCAGCMGCCGCGGTAA","GATCTTGATTCTTGA","AGTCAGCCAGCCGGACTACNVGGGTWTCTAAT","16S.134",30,1,3.54,"no.data","8/29/19","FPE2.EG.202.3"
"31","FPE2.EG.203.1","FPE2.EG.203","Experiment2","EmptyGut",1,"Sample","Microbiome","GCTTATGGTACCCAG","TATGGTAATTGTGTGYCAGCMGCCGCGGTAA","GATGAAATCTTGAAG","AGTCAGCCAGCCGGACTACNVGGGTWTCTAAT","16S.135",31,1,0.77,"no.data","8/29/19","FPE2.EG.203.1"
"32","FPE2.EG.203.2","FPE2.EG.203","Experiment2","EmptyGut",2,"Sample","Microbiome","GCTTATGGTACCCAG","TATGGTAATTGTGTGYCAGCMGCCGCGGTAA","GATGAGATACAGTTC","AGTCAGCCAGCCGGACTACNVGGGTWTCTAAT","16S.136",32,1,0.84,"no.data","8/29/19","FPE2.EG.203.2"
"33","FPE2.EG.203.3","FPE2.EG.203","Experiment2","EmptyGut",3,"Sample","Microbiome","GCTTATGGTACCCAG","TATGGTAATTGTGTGYCAGCMGCCGCGGTAA","GATGTGGAGTCTCAT","AGTCAGCCAGCCGGACTACNVGGGTWTCTAAT","16S.137",33,1,0.72,"no.data","8/29/19","FPE2.EG.203.3"
"34","FPE2.EG.204.1","FPE2.EG.204","Experiment2","EmptyGut",1,"Sample","Microbiome","GCTTATGGTACCCAG","TATGGTAATTGTGTGYCAGCMGCCGCGGTAA","GATACCTTACACCTT","AGTCAGCCAGCCGGACTACNVGGGTWTCTAAT","16S.138",34,1,3.68,"no.data","8/29/19","FPE2.EG.204.1"
"35","FPE2.EG.204.2","FPE2.EG.204","Experiment2","EmptyGut",2,"Sample","Microbiome","GCTTATGGTACCCAG","TATGGTAATTGTGTGYCAGCMGCCGCGGTAA","GATTAATCTCGCCGG","AGTCAGCCAGCCGGACTACNVGGGTWTCTAAT","16S.139",35,1,2.42,"no.data","8/29/19","FPE2.EG.204.2"
"36","FPE2.EG.204.3","FPE2.EG.204","Experiment2","EmptyGut",3,"Sample","Microbiome","GCTTATGGTACCCAG","TATGGTAATTGTGTGYCAGCMGCCGCGGTAA","GATATCTAGTGGCAA","AGTCAGCCAGCCGGACTACNVGGGTWTCTAAT","16S.140",36,1,3.02,"no.data","8/29/19","FPE2.EG.204.3"
"37","FPE2.EG.205.1","FPE2.EG.205","Experiment2","EmptyGut",1,"Sample","Microbiome","GCTTATGGTACCCAG","TATGGTAATTGTGTGYCAGCMGCCGCGGTAA","GATACGCTTAACGAC","AGTCAGCCAGCCGGACTACNVGGGTWTCTAAT","16S.141",37,1,5.32,"no.data","8/29/19","FPE2.EG.205.1"
"38","FPE2.EG.205.2","FPE2.EG.205","Experiment2","EmptyGut",2,"Sample","Microbiome","GCTTATGGTACCCAG","TATGGTAATTGTGTGYCAGCMGCCGCGGTAA","GATTACGGATTATGG","AGTCAGCCAGCCGGACTACNVGGGTWTCTAAT","16S.142",38,1,4.72,"no.data","8/29/19","FPE2.EG.205.2"
"39","FPE2.EG.205.3","FPE2.EG.205","Experiment2","EmptyGut",3,"Sample","Microbiome","GCTTATGGTACCCAG","TATGGTAATTGTGTGYCAGCMGCCGCGGTAA","GATATACATGCAAGA","AGTCAGCCAGCCGGACTACNVGGGTWTCTAAT","16S.143",39,1,2.64,"no.data","8/29/19","FPE2.EG.205.3"
"40","FPE2.EG.206.1","FPE2.EG.206","Experiment2","EmptyGut",1,"Sample","Microbiome","GCTTATGGTACCCAG","TATGGTAATTGTGTGYCAGCMGCCGCGGTAA","GATCTTAGTGCAGAA","AGTCAGCCAGCCGGACTACNVGGGTWTCTAAT","16S.144",40,1,4.24,"no.data","8/29/19","FPE2.EG.206.1"
"41","FPE2.EG.206.2","FPE2.EG.206","Experiment2","EmptyGut",2,"Sample","Microbiome","GCTTATGGTACCCAG","TATGGTAATTGTGTGYCAGCMGCCGCGGTAA","GATAATCTTGCGCCG","AGTCAGCCAGCCGGACTACNVGGGTWTCTAAT","16S.145",41,1,5.9,"no.data","8/29/19","FPE2.EG.206.2"
"42","FPE2.EG.206.3","FPE2.EG.206","Experiment2","EmptyGut",3,"Sample","Microbiome","GCTTATGGTACCCAG","TATGGTAATTGTGTGYCAGCMGCCGCGGTAA","GATAGGATCAGGGAA","AGTCAGCCAGCCGGACTACNVGGGTWTCTAAT","16S.146",42,1,2.84,"no.data","8/29/19","FPE2.EG.206.3"
"43","FPE2.FG.201.1","FPE2.FG.201","Experiment2","FullGut",1,"Sample","Microbiome","GCTTATGGTACCCAG","TATGGTAATTGTGTGYCAGCMGCCGCGGTAA","GATAATAACTAGGGT","AGTCAGCCAGCCGGACTACNVGGGTWTCTAAT","16S.147",43,1,2.04,"no.data","8/29/19","FPE2.FG.201.1"
"44","FPE2.FG.201.2","FPE2.FG.201","Experiment2","FullGut",2,"Sample","Microbiome","GCTTATGGTACCCAG","TATGGTAATTGTGTGYCAGCMGCCGCGGTAA","GATTATTGCAGCAGC","AGTCAGCCAGCCGGACTACNVGGGTWTCTAAT","16S.148",44,1,2.78,"no.data","8/29/19","FPE2.FG.201.2"
"45","FPE2.FG.201.3","FPE2.FG.201","Experiment2","FullGut",3,"Sample","Microbiome","GCTTATGGTACCCAG","TATGGTAATTGTGTGYCAGCMGCCGCGGTAA","GATTGATGTGCTAAG","AGTCAGCCAGCCGGACTACNVGGGTWTCTAAT","16S.149",45,1,3.78,"no.data","8/29/19","FPE2.FG.201.3"
"46","FPE2.FG.202.1","FPE2.FG.202","Experiment2","FullGut",1,"Sample","Microbiome","GCTTATGGTACCCAG","TATGGTAATTGTGTGYCAGCMGCCGCGGTAA","GATGTAGTAGACCAT","AGTCAGCCAGCCGGACTACNVGGGTWTCTAAT","16S.150",46,1,5,"no.data","8/29/19","FPE2.FG.202.1"
"47","FPE2.FG.202.2","FPE2.FG.202","Experiment2","FullGut",2,"Sample","Microbiome","GCTTACAATATCTGT","TATGGTAATTGTGTGYCAGCMGCCGCGGTAA","GATCGGGACACCCGA","AGTCAGCCAGCCGGACTACNVGGGTWTCTAAT","16S.151",47,1,3.8,"no.data","8/29/19","FPE2.FG.202.2"
"48","FPE2.FG.202.3","FPE2.FG.202","Experiment2","FullGut",3,"Sample","Microbiome","GCTTACAATATCTGT","TATGGTAATTGTGTGYCAGCMGCCGCGGTAA","GATCTGTCTATACTA","AGTCAGCCAGCCGGACTACNVGGGTWTCTAAT","16S.152",48,1,3.08,"no.data","8/29/19","FPE2.FG.202.3"
"49","FPE2.FG.203.1","FPE2.FG.203","Experiment2","FullGut",1,"Sample","Microbiome","GCTTACAATATCTGT","TATGGTAATTGTGTGYCAGCMGCCGCGGTAA","GATTATGCCAGAGAT","AGTCAGCCAGCCGGACTACNVGGGTWTCTAAT","16S.153",49,1,6.42,"no.data","8/29/19","FPE2.FG.203.1"
"50","FPE2.FG.203.2","FPE2.FG.203","Experiment2","FullGut",2,"Sample","Microbiome","GCTTACAATATCTGT","TATGGTAATTGTGTGYCAGCMGCCGCGGTAA","GATCGTTTGGAATGA","AGTCAGCCAGCCGGACTACNVGGGTWTCTAAT","16S.154",50,1,6.98,"no.data","8/29/19","FPE2.FG.203.2"
"51","FPE2.FG.203.3","FPE2.FG.203","Experiment2","FullGut",3,"Sample","Microbiome","GCTTACAATATCTGT","TATGGTAATTGTGTGYCAGCMGCCGCGGTAA","GATAAGAACTCATGA","AGTCAGCCAGCCGGACTACNVGGGTWTCTAAT","16S.155",51,1,8.1,"no.data","8/29/19","FPE2.FG.203.3"
"52","FPE2.FG.204.1","FPE2.FG.204","Experiment2","FullGut",1,"Sample","Microbiome","GCTTACAATATCTGT","TATGGTAATTGTGTGYCAGCMGCCGCGGTAA","GATTGATATCGTCTT","AGTCAGCCAGCCGGACTACNVGGGTWTCTAAT","16S.156",52,1,6.04,"no.data","8/29/19","FPE2.FG.204.1"
"53","FPE2.FG.204.2","FPE2.FG.204","Experiment2","FullGut",2,"Sample","Microbiome","GCTTACAATATCTGT","TATGGTAATTGTGTGYCAGCMGCCGCGGTAA","GATCGGTGACCTACT","AGTCAGCCAGCCGGACTACNVGGGTWTCTAAT","16S.157",53,1,5.36,"no.data","8/29/19","FPE2.FG.204.2"
"54","FPE2.FG.204.3","FPE2.FG.204","Experiment2","FullGut",3,"Sample","Microbiome","GCTTACAATATCTGT","TATGGTAATTGTGTGYCAGCMGCCGCGGTAA","GATAATGCGCGTATA","AGTCAGCCAGCCGGACTACNVGGGTWTCTAAT","16S.158",54,1,6.1,"no.data","8/29/19","FPE2.FG.204.3"
"55","FPE2.FG.205.1","FPE2.FG.205","Experiment2","FullGut",1,"Sample","Microbiome","GCTTACAATATCTGT","TATGGTAATTGTGTGYCAGCMGCCGCGGTAA","GATGAGATACAGTTC","AGTCAGCCAGCCGGACTACNVGGGTWTCTAAT","16S.161",57,2,7.26,"no.data","8/29/19","FPE2.FG.205.1"
"56","FPE2.FG.205.2","FPE2.FG.205","Experiment2","FullGut",2,"Sample","Microbiome","GCTTACAATATCTGT","TATGGTAATTGTGTGYCAGCMGCCGCGGTAA","GATGTGGAGTCTCAT","AGTCAGCCAGCCGGACTACNVGGGTWTCTAAT","16S.162",58,2,5.84,"no.data","8/29/19","FPE2.FG.205.2"
"57","FPE2.FG.205.3","FPE2.FG.205","Experiment2","FullGut",3,"Sample","Microbiome","GCTTACAATATCTGT","TATGGTAATTGTGTGYCAGCMGCCGCGGTAA","GATACCTTACACCTT","AGTCAGCCAGCCGGACTACNVGGGTWTCTAAT","16S.163",59,2,6.14,"no.data","8/29/19","FPE2.FG.205.3"
"58","FPE2.FG.206.1","FPE2.FG.206","Experiment2","FullGut",1,"Sample","Microbiome","GCTTACAATATCTGT","TATGGTAATTGTGTGYCAGCMGCCGCGGTAA","GATTAATCTCGCCGG","AGTCAGCCAGCCGGACTACNVGGGTWTCTAAT","16S.164",60,2,6.6,"no.data","8/29/19","FPE2.FG.206.1"
"59","FPE2.FG.206.2","FPE2.FG.206","Experiment2","FullGut",2,"Sample","Microbiome","GCTTACAATATCTGT","TATGGTAATTGTGTGYCAGCMGCCGCGGTAA","GATATCTAGTGGCAA","AGTCAGCCAGCCGGACTACNVGGGTWTCTAAT","16S.165",61,2,9.56,"no.data","8/29/19","FPE2.FG.206.2"
"60","FPE2.FG.206.3","FPE2.FG.206","Experiment2","FullGut",3,"Sample","Microbiome","GCTTACAATATCTGT","TATGGTAATTGTGTGYCAGCMGCCGCGGTAA","GATACGCTTAACGAC","AGTCAGCCAGCCGGACTACNVGGGTWTCTAAT","16S.166",62,2,9.98,"no.data","8/29/19","FPE2.FG.206.3"
"61","FPE2.FP.24HR.1","FPE2.FP.24H","Experiment2","FecalPellets24",1,"Sample","Microbiome","GCTTACAATATCTGT","TATGGTAATTGTGTGYCAGCMGCCGCGGTAA","GATTACGGATTATGG","AGTCAGCCAGCCGGACTACNVGGGTWTCTAAT","16S.167",63,2,7.24,"no.data","8/29/19","FPE2.FP.24HR.1"
"62","FPE2.FP.24HR.2","FPE2.FP.24H","Experiment2","FecalPellets24",2,"Sample","Microbiome","GCTTACAATATCTGT","TATGGTAATTGTGTGYCAGCMGCCGCGGTAA","GATATACATGCAAGA","AGTCAGCCAGCCGGACTACNVGGGTWTCTAAT","16S.168",64,2,9.98,"no.data","8/29/19","FPE2.FP.24HR.2"
"63","FPE2.FP.24HR.3","FPE2.FP.24H","Experiment2","FecalPellets24",3,"Sample","Microbiome","GCTTACAATATCTGT","TATGGTAATTGTGTGYCAGCMGCCGCGGTAA","GATCTTAGTGCAGAA","AGTCAGCCAGCCGGACTACNVGGGTWTCTAAT","16S.169",65,2,5.34,"no.data","8/29/19","FPE2.FP.24HR.3"
"64","FPE2.FP.2HR.1","FPE2.FP.2HR","Experiment2","FecalPellets2",1,"Sample","Microbiome","GCTTACAATATCTGT","TATGGTAATTGTGTGYCAGCMGCCGCGGTAA","GATAATCTTGCGCCG","AGTCAGCCAGCCGGACTACNVGGGTWTCTAAT","16S.170",66,2,8.58,"no.data","8/29/19","FPE2.FP.2HR.1"
"65","FPE2.FP.2HR.2","FPE2.FP.2HR","Experiment2","FecalPellets2",2,"Sample","Microbiome","GCTTACAATATCTGT","TATGGTAATTGTGTGYCAGCMGCCGCGGTAA","GATAGGATCAGGGAA","AGTCAGCCAGCCGGACTACNVGGGTWTCTAAT","16S.171",67,2,7.1,"no.data","8/29/19","FPE2.FP.2HR.2"
"66","FPE2.FP.2HR.3","FPE2.FP.2HR","Experiment2","FecalPellets2",3,"Sample","Microbiome","GCTTACAATATCTGT","TATGGTAATTGTGTGYCAGCMGCCGCGGTAA","GATAATAACTAGGGT","AGTCAGCCAGCCGGACTACNVGGGTWTCTAAT","16S.172",68,2,7.06,"no.data","8/29/19","FPE2.FP.2HR.3"
"67","FPE2.H2O.1","FPE2.H2O","Experiment2","Water",1,"Sample","Microbiome","GCTTACAATATCTGT","TATGGTAATTGTGTGYCAGCMGCCGCGGTAA","GATTATTGCAGCAGC","AGTCAGCCAGCCGGACTACNVGGGTWTCTAAT","16S.173",69,2,5.5,"no.data","8/29/19","FPE2.H2O.1"
"68","FPE2.H2O.2","FPE2.H2O","Experiment2","Water",2,"Sample","Microbiome","GCTTACAATATCTGT","TATGGTAATTGTGTGYCAGCMGCCGCGGTAA","GATTGATGTGCTAAG","AGTCAGCCAGCCGGACTACNVGGGTWTCTAAT","16S.174",70,2,6.54,"no.data","8/29/19","FPE2.H2O.2"
"69","FPE2.H2O.3","FPE2.H2O","Experiment2","Water",3,"Sample","Microbiome","GCTTACAATATCTGT","TATGGTAATTGTGTGYCAGCMGCCGCGGTAA","GATGTAGTAGACCAT","AGTCAGCCAGCCGGACTACNVGGGTWTCTAAT","16S.175",71,2,3.98,"no.data","8/29/19","FPE2.H2O.3"
"70","FPE3.EG.01.1","FPE3.EG.01","Experiment3","EmptyGut",1,"Sample","Microbiome","GCTAATTTAGGTAGG","TATGGTAATTGTGTGYCAGCMGCCGCGGTAA","GATCGGGACACCCGA","AGTCAGCCAGCCGGACTACNVGGGTWTCTAAT","16S.176",72,2,0.3,"no.data","8/29/19","FPE3.EG.01.1"
"71","FPE3.EG.01.2","FPE3.EG.01","Experiment3","EmptyGut",2,"Sample","Microbiome","GCTAATTTAGGTAGG","TATGGTAATTGTGTGYCAGCMGCCGCGGTAA","GATCTGTCTATACTA","AGTCAGCCAGCCGGACTACNVGGGTWTCTAAT","16S.177",73,2,1.4,"no.data","8/29/19","FPE3.EG.01.2"
"72","FPE3.EG.01.3","FPE3.EG.01","Experiment3","EmptyGut",3,"Sample","Microbiome","GCTAATTTAGGTAGG","TATGGTAATTGTGTGYCAGCMGCCGCGGTAA","GATTATGCCAGAGAT","AGTCAGCCAGCCGGACTACNVGGGTWTCTAAT","16S.178",74,2,1.61,"no.data","8/29/19","FPE3.EG.01.3"
"73","FPE3.EG.02.1","FPE3.EG.02","Experiment3","EmptyGut",1,"Sample","Microbiome","GCTAATTTAGGTAGG","TATGGTAATTGTGTGYCAGCMGCCGCGGTAA","GATCGTTTGGAATGA","AGTCAGCCAGCCGGACTACNVGGGTWTCTAAT","16S.179",75,2,1.52,"no.data","8/29/19","FPE3.EG.02.1"
"74","FPE3.EG.02.2","FPE3.EG.02","Experiment3","EmptyGut",2,"Sample","Microbiome","GCTAATTTAGGTAGG","TATGGTAATTGTGTGYCAGCMGCCGCGGTAA","GATAAGAACTCATGA","AGTCAGCCAGCCGGACTACNVGGGTWTCTAAT","16S.180",76,2,1.6,"no.data","8/29/19","FPE3.EG.02.2"
"75","FPE3.EG.02.3","FPE3.EG.02","Experiment3","EmptyGut",3,"Sample","Microbiome","GCTAATTTAGGTAGG","TATGGTAATTGTGTGYCAGCMGCCGCGGTAA","GATTGATATCGTCTT","AGTCAGCCAGCCGGACTACNVGGGTWTCTAAT","16S.181",77,2,1.29,"no.data","8/29/19","FPE3.EG.02.3"
"76","FPE3.EG.03.1","FPE3.EG.03","Experiment3","EmptyGut",1,"Sample","Microbiome","GCTAATTTAGGTAGG","TATGGTAATTGTGTGYCAGCMGCCGCGGTAA","GATCGGTGACCTACT","AGTCAGCCAGCCGGACTACNVGGGTWTCTAAT","16S.182",78,2,1.36,"no.data","8/29/19","FPE3.EG.03.1"
"77","FPE3.EG.03.2","FPE3.EG.03","Experiment3","EmptyGut",2,"Sample","Microbiome","GCTAATTTAGGTAGG","TATGGTAATTGTGTGYCAGCMGCCGCGGTAA","GATAATGCGCGTATA","AGTCAGCCAGCCGGACTACNVGGGTWTCTAAT","16S.183",79,2,0.98,"no.data","8/29/19","FPE3.EG.03.2"
"78","FPE3.EG.03.3","FPE3.EG.03","Experiment3","EmptyGut",3,"Sample","Microbiome","GCTAATTTAGGTAGG","TATGGTAATTGTGTGYCAGCMGCCGCGGTAA","GATCTTGATTCTTGA","AGTCAGCCAGCCGGACTACNVGGGTWTCTAAT","16S.184",80,2,0.99,"no.data","8/29/19","FPE3.EG.03.3"
"79","FPE3.EG.04.1","FPE3.EG.04","Experiment3","EmptyGut",1,"Sample","Microbiome","GCTAATTTAGGTAGG","TATGGTAATTGTGTGYCAGCMGCCGCGGTAA","GATGAAATCTTGAAG","AGTCAGCCAGCCGGACTACNVGGGTWTCTAAT","16S.185",81,2,9.84,"no.data","8/29/19","FPE3.EG.04.1"
"80","FPE3.EG.04.2","FPE3.EG.04","Experiment3","EmptyGut",2,"Sample","Microbiome","GCTAATTTAGGTAGG","TATGGTAATTGTGTGYCAGCMGCCGCGGTAA","GATGAGATACAGTTC","AGTCAGCCAGCCGGACTACNVGGGTWTCTAAT","16S.186",82,2,7.3,"no.data","8/29/19","FPE3.EG.04.2"
"81","FPE3.EG.04.3","FPE3.EG.04","Experiment3","EmptyGut",3,"Sample","Microbiome","GCTAATTTAGGTAGG","TATGGTAATTGTGTGYCAGCMGCCGCGGTAA","GATGTGGAGTCTCAT","AGTCAGCCAGCCGGACTACNVGGGTWTCTAAT","16S.187",83,2,6.48,"no.data","8/29/19","FPE3.EG.04.3"
"82","FPE3.EG.05.1","FPE3.EG.05","Experiment3","EmptyGut",1,"Sample","Microbiome","GCTAATTTAGGTAGG","TATGGTAATTGTGTGYCAGCMGCCGCGGTAA","GATACCTTACACCTT","AGTCAGCCAGCCGGACTACNVGGGTWTCTAAT","16S.188",84,2,1.32,"no.data","8/29/19","FPE3.EG.05.1"
"83","FPE3.EG.05.2","FPE3.EG.05","Experiment3","EmptyGut",2,"Sample","Microbiome","GCTAATTTAGGTAGG","TATGGTAATTGTGTGYCAGCMGCCGCGGTAA","GATTAATCTCGCCGG","AGTCAGCCAGCCGGACTACNVGGGTWTCTAAT","16S.189",85,2,0.62,"no.data","8/29/19","FPE3.EG.05.2"
"84","FPE3.EG.05.3","FPE3.EG.05","Experiment3","EmptyGut",3,"Sample","Microbiome","GCTAATTTAGGTAGG","TATGGTAATTGTGTGYCAGCMGCCGCGGTAA","GATATCTAGTGGCAA","AGTCAGCCAGCCGGACTACNVGGGTWTCTAAT","16S.190",86,2,0.38,"no.data","8/29/19","FPE3.EG.05.3"
"85","FPE3.FG.01.1","FPE3.FG.01","Experiment3","FullGut",1,"Sample","Microbiome","GCTAATTTAGGTAGG","TATGGTAATTGTGTGYCAGCMGCCGCGGTAA","GATACGCTTAACGAC","AGTCAGCCAGCCGGACTACNVGGGTWTCTAAT","16S.191",87,2,3.22,"no.data","8/29/19","FPE3.FG.01.1"
"86","FPE3.FG.01.2","FPE3.FG.01","Experiment3","FullGut",2,"Sample","Microbiome","GCTAATTTAGGTAGG","TATGGTAATTGTGTGYCAGCMGCCGCGGTAA","GATTACGGATTATGG","AGTCAGCCAGCCGGACTACNVGGGTWTCTAAT","16S.192",88,2,2.96,"no.data","8/29/19","FPE3.FG.01.2"
"87","FPE3.FG.01.3","FPE3.FG.01","Experiment3","FullGut",3,"Sample","Microbiome","GCTAATTTAGGTAGG","TATGGTAATTGTGTGYCAGCMGCCGCGGTAA","GATATACATGCAAGA","AGTCAGCCAGCCGGACTACNVGGGTWTCTAAT","16S.193",89,2,4.4,"no.data","8/29/19","FPE3.FG.01.3"
"88","FPE3.FG.02.1","FPE3.FG.02","Experiment3","FullGut",1,"Sample","Microbiome","GCTAATTTAGGTAGG","TATGGTAATTGTGTGYCAGCMGCCGCGGTAA","GATCTTAGTGCAGAA","AGTCAGCCAGCCGGACTACNVGGGTWTCTAAT","16S.194",90,2,4.48,"no.data","8/29/19","FPE3.FG.02.1"
"89","FPE3.FG.02.2","FPE3.FG.02","Experiment3","FullGut",2,"Sample","Microbiome","GCTAATTTAGGTAGG","TATGGTAATTGTGTGYCAGCMGCCGCGGTAA","GATAATCTTGCGCCG","AGTCAGCCAGCCGGACTACNVGGGTWTCTAAT","16S.195",91,2,3.9,"no.data","8/29/19","FPE3.FG.02.2"
"90","FPE3.FG.02.3","FPE3.FG.02","Experiment3","FullGut",3,"Sample","Microbiome","GCTAATTTAGGTAGG","TATGGTAATTGTGTGYCAGCMGCCGCGGTAA","GATAGGATCAGGGAA","AGTCAGCCAGCCGGACTACNVGGGTWTCTAAT","16S.196",92,2,3.68,"no.data","8/29/19","FPE3.FG.02.3"
"91","FPE3.FG.03.1","FPE3.FG.03","Experiment3","FullGut",1,"Sample","Microbiome","GCTAATTTAGGTAGG","TATGGTAATTGTGTGYCAGCMGCCGCGGTAA","GATAATAACTAGGGT","AGTCAGCCAGCCGGACTACNVGGGTWTCTAAT","16S.197",93,2,1.53,"no.data","8/29/19","FPE3.FG.03.1"
"92","FPE3.FG.03.2","FPE3.FG.03","Experiment3","FullGut",2,"Sample","Microbiome","GCTAATTTAGGTAGG","TATGGTAATTGTGTGYCAGCMGCCGCGGTAA","GATTATTGCAGCAGC","AGTCAGCCAGCCGGACTACNVGGGTWTCTAAT","16S.198",94,2,2.32,"no.data","8/29/19","FPE3.FG.03.2"
"93","FPE3.FG.03.3","FPE3.FG.03","Experiment3","FullGut",3,"Sample","Microbiome","GCTAATTTAGGTAGG","TATGGTAATTGTGTGYCAGCMGCCGCGGTAA","GATTGATGTGCTAAG","AGTCAGCCAGCCGGACTACNVGGGTWTCTAAT","16S.199",95,2,2.3,"no.data","8/29/19","FPE3.FG.03.3"
"94","FPE3.FG.04.1","FPE3.FG.04","Experiment3","FullGut",1,"Sample","Microbiome","GCTAATTTAGGTAGG","TATGGTAATTGTGTGYCAGCMGCCGCGGTAA","GATGTAGTAGACCAT","AGTCAGCCAGCCGGACTACNVGGGTWTCTAAT","16S.200",96,2,1.9,"no.data","8/29/19","FPE3.FG.04.1"
"95","FPE3.FG.04.2","FPE3.FG.04","Experiment3","FullGut",2,"Sample","Microbiome","GCTGACTCAACCAGT","TATGGTAATTGTGTGYCAGCMGCCGCGGTAA","GATCGGGACACCCGA","AGTCAGCCAGCCGGACTACNVGGGTWTCTAAT","16S.201",97,2,1.86,"no.data","8/29/19","FPE3.FG.04.2"
"96","FPE3.FG.04.3","FPE3.FG.04","Experiment3","FullGut",3,"Sample","Microbiome","GCTGACTCAACCAGT","TATGGTAATTGTGTGYCAGCMGCCGCGGTAA","GATCTGTCTATACTA","AGTCAGCCAGCCGGACTACNVGGGTWTCTAAT","16S.202",98,2,0.93,"no.data","8/29/19","FPE3.FG.04.3"
"97","FPE3.FG.05.1","FPE3.FG.05","Experiment3","FullGut",1,"Sample","Microbiome","GCTGACTCAACCAGT","TATGGTAATTGTGTGYCAGCMGCCGCGGTAA","GATTATGCCAGAGAT","AGTCAGCCAGCCGGACTACNVGGGTWTCTAAT","16S.203",99,2,4.24,"no.data","8/29/19","FPE3.FG.05.1"
"98","FPE3.FG.05.2","FPE3.FG.05","Experiment3","FullGut",2,"Sample","Microbiome","GCTGACTCAACCAGT","TATGGTAATTGTGTGYCAGCMGCCGCGGTAA","GATCGTTTGGAATGA","AGTCAGCCAGCCGGACTACNVGGGTWTCTAAT","16S.204",100,2,2.88,"no.data","8/29/19","FPE3.FG.05.2"
"99","FPE3.FG.05.3","FPE3.FG.05","Experiment3","FullGut",3,"Sample","Microbiome","GCTGACTCAACCAGT","TATGGTAATTGTGTGYCAGCMGCCGCGGTAA","GATAAGAACTCATGA","AGTCAGCCAGCCGGACTACNVGGGTWTCTAAT","16S.205",101,2,3.24,"no.data","8/29/19","FPE3.FG.05.3"
"100","FPE3.FP.24HR.1.1","FPE3.FP.24","Experiment3","FecalPellets24",1,"Sample","Microbiome","GCTGACTCAACCAGT","TATGGTAATTGTGTGYCAGCMGCCGCGGTAA","GATTGATATCGTCTT","AGTCAGCCAGCCGGACTACNVGGGTWTCTAAT","16S.206",102,2,6.04,"no.data","8/29/19","FPE3.FP.24HR.1.1"
"101","FPE3.FP.24HR.1.2","FPE3.FP.24","Experiment3","FecalPellets24",2,"Sample","Microbiome","GCTGACTCAACCAGT","TATGGTAATTGTGTGYCAGCMGCCGCGGTAA","GATCGGTGACCTACT","AGTCAGCCAGCCGGACTACNVGGGTWTCTAAT","16S.207",103,2,6.86,"no.data","8/29/19","FPE3.FP.24HR.1.2"
"102","FPE3.FP.24HR.1.3","FPE3.FP.24","Experiment3","FecalPellets24",3,"Sample","Microbiome","GCTGACTCAACCAGT","TATGGTAATTGTGTGYCAGCMGCCGCGGTAA","GATAATGCGCGTATA","AGTCAGCCAGCCGGACTACNVGGGTWTCTAAT","16S.208",104,2,7.24,"no.data","8/29/19","FPE3.FP.24HR.1.3"
"103","FPE3.FP.24HR.2.1","FPE3.FP.24","Experiment3","FecalPellets24",1,"Sample","Microbiome","GCTGACTCAACCAGT","TATGGTAATTGTGTGYCAGCMGCCGCGGTAA","GATCTTGATTCTTGA","AGTCAGCCAGCCGGACTACNVGGGTWTCTAAT","16S.209",105,2,12.6,"no.data","8/29/19","FPE3.FP.24HR.2.1"
"104","FPE3.FP.24HR.2.2","FPE3.FP.24","Experiment3","FecalPellets24",2,"Sample","Microbiome","GCTGACTCAACCAGT","TATGGTAATTGTGTGYCAGCMGCCGCGGTAA","GATGAAATCTTGAAG","AGTCAGCCAGCCGGACTACNVGGGTWTCTAAT","16S.210",106,2,11,"no.data","8/29/19","FPE3.FP.24HR.2.2"
"105","FPE3.FP.24HR.2.3","FPE3.FP.24","Experiment3","FecalPellets24",3,"Sample","Microbiome","GCTGACTCAACCAGT","TATGGTAATTGTGTGYCAGCMGCCGCGGTAA","GATGAGATACAGTTC","AGTCAGCCAGCCGGACTACNVGGGTWTCTAAT","16S.211",107,2,9.44,"no.data","8/29/19","FPE3.FP.24HR.2.3"
"106","FPE3.FP.2HR.1","FPE3.FP.2H","Experiment3","FecalPellets2",1,"Sample","Microbiome","GCTGACTCAACCAGT","TATGGTAATTGTGTGYCAGCMGCCGCGGTAA","GATGTGGAGTCTCAT","AGTCAGCCAGCCGGACTACNVGGGTWTCTAAT","16S.212",108,2,11,"no.data","8/29/19","FPE3.FP.2HR.1"
"107","FPE3.FP.2HR.2","FPE3.FP.2H","Experiment3","FecalPellets2",2,"Sample","Microbiome","GCTGACTCAACCAGT","TATGGTAATTGTGTGYCAGCMGCCGCGGTAA","GATACCTTACACCTT","AGTCAGCCAGCCGGACTACNVGGGTWTCTAAT","16S.213",109,2,10.6,"no.data","8/29/19","FPE3.FP.2HR.2"
"108","FPE3.FP.2HR.3","FPE3.FP.2H","Experiment3","FecalPellets2",3,"Sample","Microbiome","GCTGACTCAACCAGT","TATGGTAATTGTGTGYCAGCMGCCGCGGTAA","GATTAATCTCGCCGG","AGTCAGCCAGCCGGACTACNVGGGTWTCTAAT","16S.214",110,2,7.76,"no.data","8/29/19","FPE3.FP.2HR.3"
"109","FPE3.H2O.1","FPE3.H2O","Experiment3","Water",1,"Sample","Microbiome","GCTGACTCAACCAGT","TATGGTAATTGTGTGYCAGCMGCCGCGGTAA","GATATCTAGTGGCAA","AGTCAGCCAGCCGGACTACNVGGGTWTCTAAT","16S.215",111,2,11.9,"no.data","8/29/19","FPE3.H2O.1"
"110","FPE3.H2O.2","FPE3.H2O","Experiment3","Water",2,"Sample","Microbiome","GCTGACTCAACCAGT","TATGGTAATTGTGTGYCAGCMGCCGCGGTAA","GATACGCTTAACGAC","AGTCAGCCAGCCGGACTACNVGGGTWTCTAAT","16S.216",112,2,10.7,"no.data","8/29/19","FPE3.H2O.2"
"111","FPE3.H2O.3","FPE3.H2O","Experiment3","Water",3,"Sample","Microbiome","GCTGACTCAACCAGT","TATGGTAATTGTGTGYCAGCMGCCGCGGTAA","GATTACGGATTATGG","AGTCAGCCAGCCGGACTACNVGGGTWTCTAAT","16S.217",113,2,10.6,"no.data","8/29/19","FPE3.H2O.3"
